<?xml version="1.0" ?>
<romlist ver="1">
    <game name="1944" format="QSound" fmt_version="1.80">
        <romgroup type="audiocpu" load_method="append" seq_table="0x9005" instr_table_ptrs="0x3C05" num_instr_banks="9" samp_table="0x6000" artic_table="0x8000">
            <rom>nff.01</rom>
        </romgroup>
        <romgroup type="qsound"  load_method="append_swap16">
            <rom>nff.11m</rom>
            <rom>nff.12m</rom>
        </romgroup>
    </game>
    <game name="19xx" format="QSound" fmt_version="1.05">
        <romgroup type="audiocpu" load_method="append" seq_table="0x9005" instr_table="0x7000" num_instr_banks="2" samp_table="0x8000">
            <rom>19x.01</rom>
        </romgroup>
        <romgroup type="qsound"  load_method="append_swap16">
            <rom>19x.11m</rom>
            <rom>19x.12m</rom>
        </romgroup>
    </game>
    <game name="armwar" format="QSound" fmt_version="1.05a">
        <romgroup type="audiocpu" load_method="append" seq_table="0x9005" instr_table="0x7000" num_instr_banks="2" samp_table="0x8000" samp_table_length="0x6E0">
            <rom>pwg.01</rom>
            <rom>pwg.02</rom>
        </romgroup>
        <romgroup type="qsound"  load_method="append_swap16">
            <rom>pwg.11m</rom>
            <rom>pwg.12m</rom>`
        </romgroup>
    </game>
    <game name="avsp" format="QSound" fmt_version="1.04">
        <romgroup type="audiocpu" load_method="append" seq_table="0x9005" instr_table="0x7000" num_instr_banks="2" samp_table="0x8000">
            <rom>avp.01</rom>
        </romgroup>
        <romgroup type="qsound"  load_method="append_swap16">
            <rom>avp.11</rom>
            <rom>avp.12</rom>
        </romgroup>
    </game>
    <game name="batcir" format="QSound" fmt_version="1.16b">
        <romgroup type="audiocpu" load_method="append" seq_table="0x9005" instr_table_ptrs="0x4004" num_instr_banks="2" samp_table="0x5008">
            <rom>btc.01</rom>
            <rom>btc.02</rom>
        </romgroup>
        <romgroup type="qsound"  load_method="append_swap16">
            <rom>btc.11m</rom>
            <rom>btc.12m</rom>
        </romgroup>
    </game>
    <game name="choko" format="QSound" fmt_version="1.80">
        <romgroup type="audiocpu" load_method="append" seq_table="0x9005" instr_table_ptrs="0x3C05" num_instr_banks="2" samp_table="0x3D95" artic_table="0x40BD">
            <rom>tko.01</rom>
        </romgroup>
        <romgroup type="qsound"  load_method="deinterlace">
            <rom>tkoj5_a.simm5</rom>
            <rom>tkoj5_b.simm5</rom>
        </romgroup>
    </game>
    <game name="csclub" format="QSound" fmt_version="1.30">
        <romgroup type="audiocpu" load_method="append" seq_table="0x7005" instr_table_ptrs="0x3b04" num_instr_banks="16" samp_table="0x5000" artic_table="0x6000">
            <rom>csc.01</rom>
        </romgroup>
        <romgroup type="qsound"  load_method="append_swap16">
            <rom>csc.51</rom>
            <rom>csc.52</rom>
            <rom>csc.53</rom>
            <rom>csc.54</rom>
            <rom>csc.55</rom>
            <rom>csc.56</rom>
            <rom>csc.57</rom>
            <rom>csc.58</rom>
        </romgroup>
    </game>
    <game name="cybots" format="QSound" fmt_version="1.05a">
        <romgroup type="audiocpu" load_method="append" seq_table="0x9005" instr_table="0x7000" num_instr_banks="2" samp_table="0x8000" samp_table_length="0x868">
            <rom>cyb.01</rom>
            <rom>cyb.02</rom>
        </romgroup>
        <romgroup type="qsound"  load_method="append_swap16">
            <rom>cyb.11</rom>
            <rom>cyb.12</rom>
        </romgroup>
    </game>
    <game name="ddsom" format="QSound" fmt_version="1.15">
        <romgroup type="audiocpu" load_method="append" seq_table="0x9005" instr_table="0x39E9" num_instr_banks="2" samp_table="0x49E9">
            <rom>dd2.01</rom>
            <rom>dd2.02</rom>
        </romgroup>
        <romgroup type="qsound"  load_method="append_swap16">
            <rom>dd2.11m</rom>
            <rom>dd2.12m</rom>
        </romgroup>
    </game>
    <game name="ddtod" format="QSound" fmt_version="1.04">
        <romgroup type="audiocpu" load_method="append" seq_table="0x9005" instr_table="0x7000" num_instr_banks="2" samp_table="0x8000">
            <rom>dad.01</rom>
        </romgroup>
        <romgroup type="qsound"  load_method="append_swap16">
            <rom>dad.11m</rom>
            <rom>dad.12m</rom>
        </romgroup>
    </game>
    <game name="dimahoou" format="QSound" fmt_version="1.80">
        <romgroup type="audiocpu" load_method="append" seq_table="0x9005" instr_table_ptrs="0x3C05" num_instr_banks="5" samp_table="0x6000" artic_table="0x8000">
            <rom>gmd.01</rom>
            <rom>gmd.02</rom>
        </romgroup>
        <romgroup type="qsound"  load_method="append_swap16">
            <rom>gmd.11</rom>
            <rom>gmd.12</rom>
        </romgroup>
    </game>
    <game name="dino" format="QSound" fmt_version="1.00">
        <romgroup type="audiocpu" load_method="append" encryption="kabuki" kabuki_swap_key1="0x76543210" kabuki_swap_key2="0x24601357" kabuki_addr_key="0x4343" kabuki_xor_key="0x43" seq_table="0x8005" instr_table="0x6E62" num_instr_banks="1" samp_table="0x6A82" samp_table_length="0x3E0">
            <rom>cd_q.5k</rom>
        </romgroup>
        <romgroup type="qsound"  load_method="append">
            <rom>cd-q1.1k</rom>
            <rom>cd-q2.2k</rom>
            <rom>cd-q3.3k</rom>
            <rom>cd-q4.4k</rom>
        </romgroup>
    </game>
    <game name="dstlk" format="QSound" fmt_version="1.05">
        <romgroup type="audiocpu" load_method="append" seq_table="0x9005" seq_table_length="0xAC4" instr_table="0x7000" num_instr_banks="1" samp_table="0x8000">
            <rom>vam.01</rom>
            <rom>vam.02</rom>
        </romgroup>
        <romgroup type="qsound"  load_method="append_swap16">
            <rom>vam.11</rom>
            <rom>vam.12</rom>
        </romgroup>
    </game>
    <game name="ecofghtr" format="QSound" fmt_version="1.04">
        <romgroup type="audiocpu" load_method="append" seq_table="0x9005" instr_table="0x7000" num_instr_banks="2" samp_table="0x8000">
            <rom>uec.01</rom>
        </romgroup>
        <romgroup type="qsound"  load_method="append_swap16">
            <rom>uec.11</rom>
            <rom>uec.12</rom>
        </romgroup>
    </game>
    <game name="elvactr" format="TaitoF3">
        <romgroup type="audiocpu" load_method="deinterlace">
            <rom>e02-13.32</rom>
            <rom>e02-14.33</rom>
        </romgroup>
    </game>
    <game name="gigawing" format="QSound" fmt_version="1.40">
        <romgroup type="audiocpu" load_method="append" seq_table="0x9005" instr_table_ptrs="0x3C05" num_instr_banks="6" samp_table="0x6000" artic_table="0x8000">
            <rom>ggw.01</rom>
        </romgroup>
        <romgroup type="qsound"  load_method="append_swap16">
            <rom>ggw.11</rom>
            <rom>ggw.12</rom>
        </romgroup>
    </game>
    <game name="hsf2a" format="QSound" fmt_version="1.06b">
        <romgroup type="audiocpu" load_method="append" seq_table="0x9005" instr_table="0x7000" num_instr_banks="2" samp_table="0x8000">
            <rom>hs2.01</rom>
            <rom>hs2.02</rom>
        </romgroup>
        <romgroup type="qsound"  load_method="append_swap16">
            <rom>hs2.11m</rom>
        </romgroup>
    </game>
    <game name="jyangoku" format="QSound" fmt_version="1.80">
        <romgroup type="audiocpu" load_method="append" seq_table="0x9005" instr_table_ptrs="0x3EF4" num_instr_banks="3" samp_table="0x40B8" artic_table="0x4428">
            <rom>maj_01.1a</rom>
        </romgroup>
        <romgroup type="qsound" load_method="deinterlace">
            <rom>maj5_a.simm5</rom>
            <rom>maj5_b.simm5</rom>
        </romgroup>
    </game>
    <game name="mmatrix" format="QSound" fmt_version="1.80">
        <romgroup type="audiocpu" load_method="append" seq_table="0x9005" instr_table_ptrs="0x3C05" num_instr_banks="9" samp_table="0x6000" samp_table_length="0x828" artic_table="0x8000">
            <rom>mmx.01</rom>
        </romgroup>
        <romgroup type="qsound"  load_method="append_swap16">
            <rom>mmx.11</rom>
            <rom>mmx.12</rom>
        </romgroup>
    </game>	
    <game name="megaman2" format="QSound" fmt_version="1.15c">
        <romgroup type="audiocpu" load_method="append" seq_table="0x9005" instr_table="0x4000" num_instr_banks="2" samp_table="0x5000">
            <rom>rm2.01a</rom>
            <rom>rm2.02</rom>
        </romgroup>
        <romgroup type="qsound"  load_method="append_swap16">
            <rom>rm2.11</rom>
            <rom>rm2.12</rom>
        </romgroup>
    </game>
    <game name="mmancp2u" format="QSound" fmt_version="1.05a">
        <romgroup type="audiocpu" load_method="append" seq_table="0x9005" instr_table="0x7000" num_instr_banks="2" samp_table="0x8000">
            <rom>rcm.01</rom>
        </romgroup>
        <romgroup type="qsound"  load_method="append_swap16">
            <rom>rcm.51</rom>
            <rom>rcm.52</rom>
            <rom>rcm.53</rom>
            <rom>rcm.54</rom>
            <rom>rcm.55</rom>
            <rom>rcm.56</rom>
            <rom>rcm.57</rom>
            <rom>rcm.58</rom>
        </romgroup>
    </game>
    <game name="mpang" format="QSound" fmt_version="1.80">
        <romgroup type="audiocpu" load_method="append" seq_table="0x9005" instr_table_ptrs="0x3C05" num_instr_banks="3" samp_table="0x3FBF" artic_table="0x45E7">
            <rom>mpn.01</rom>
        </romgroup>
        <romgroup type="qsound"  load_method="append_swap16">
            <rom>mpn-simm.05a</rom>
            <rom>mpn-simm.05b</rom>
        </romgroup>
    </game>
    <game name="msh" format="QSound" fmt_version="1.05">
        <romgroup type="audiocpu" load_method="append" seq_table="0x9005" instr_table="0x7000" num_instr_banks="2" samp_table="0x8000">
            <rom>msh.01</rom>
            <rom>msh.02</rom>
        </romgroup>
        <romgroup type="qsound"  load_method="append_swap16">
            <rom>msh.11m</rom>
            <rom>msh.12m</rom>
        </romgroup>
    </game>
    <game name="mshvsf" format="QSound" fmt_version="1.31">
        <romgroup type="audiocpu" load_method="append" seq_table="0x9005" instr_table_ptrs="0x3C05" num_instr_banks="28" samp_table="0x6000" samp_table_length="0x1B48" artic_table="0x8000">
            <rom>mvs.01</rom>
            <rom>mvs.02</rom>
        </romgroup>
        <romgroup type="qsound"  load_method="append_swap16">
            <rom>mvs.11</rom>
            <rom>mvs.12</rom>
        </romgroup>
    </game>
    <game name="mvsc" format="QSound" fmt_version="1.30">
        <romgroup type="audiocpu" load_method="append" seq_table="0x9005" instr_table_ptrs="0x3B04" num_instr_banks="16" samp_table="0x5000" artic_table="0x8000">
            <rom>mvc.01</rom>
            <rom>mvc.02</rom>
        </romgroup>
        <romgroup type="qsound"  load_method="append_swap16">
            <rom>mvc.11m</rom>
            <rom>mvc.12m</rom>
        </romgroup>
    </game>
    <game name="nwarr" format="QSound" fmt_version="1.05a">
        <romgroup type="audiocpu" load_method="append" seq_table="0x9005" instr_table="0x7000" num_instr_banks="2" samp_table="0x8000" samp_table_length="0x8E8">
            <rom>vph.01</rom>
            <rom>vph.02</rom>
        </romgroup>
        <romgroup type="qsound"  load_method="append_swap16">
            <rom>vph.11m</rom>
            <rom>vph.12m</rom>
        </romgroup>
    </game>
    <game name="progear" format="QSound" fmt_version="1.80">
        <romgroup type="audiocpu" load_method="append" seq_table="0x9005" instr_table_ptrs="0x3C05" num_instr_banks="4" samp_table="0x6000" artic_table="0x8000">
            <rom>pga.01</rom>
        </romgroup>
        <romgroup type="qsound"  load_method="append_swap16">
            <rom>pga-simm.05a</rom>
            <rom>pga-simm.05b</rom>
            <rom>pga-simm.06a</rom>
            <rom>pga-simm.06b</rom>
        </romgroup>
    </game>	
    <game name="punisher" format="QSound" fmt_version="1.01">
        <romgroup type="audiocpu" load_method="append" encryption="kabuki" kabuki_swap_key1="0x67452103" kabuki_swap_key2="0x75316024" kabuki_addr_key="0x2222" kabuki_xor_key="0x22" seq_table="0x8005" instr_table="0x6F75" num_instr_banks="2" samp_table="0x6A9D" samp_table_length="0x4D8">
            <rom>ps_q.5k</rom>
        </romgroup>
        <romgroup type="qsound"  load_method="append">
            <rom>ps-q1.1k</rom>
            <rom>ps-q2.2k</rom>
            <rom>ps-q3.3k</rom>
            <rom>ps-q4.4k</rom>
        </romgroup>
    </game>
    <game name="pzloop2" format="QSound" fmt_version="1.80">
        <romgroup type="audiocpu" load_method="append" seq_table="0x9005" instr_table_ptrs="0x3C05" num_instr_banks="2" samp_table="0x3F5D" artic_table="0x45A5">
            <rom>pl2.01</rom>
        </romgroup>
        <romgroup type="qsound"  load_method="append_swap16">
            <rom>pl2-simm.05a</rom>
            <rom>pl2-simm.05b</rom>
        </romgroup>
    </game>
    <game name="salmndr2" format="KonamiGX">
        <romgroup type="soundcpu" load_method="deinterlace" seq_table="0x6B04">
            <rom>521-a04.9c</rom>
            <rom>521-a05.7c</rom>
        </romgroup>
        <romgroup type="shared"  load_method="append">
            <rom>521-a12.9g</rom>
            <rom>521-a13.7g</rom>
        </romgroup>
    </game>
    <game name="qndream" format="QSound" fmt_version="1.16b">
        <romgroup type="audiocpu" load_method="append" seq_table="0x9005" instr_table_ptrs="0x4004" num_instr_banks="15" samp_table="0x5062">
            <rom>tqz.01</rom>
        </romgroup>
        <romgroup type="qsound"  load_method="append_swap16">
            <rom>tqz.11m</rom>
            <rom>tqz.12m</rom>
        </romgroup>
    </game>
    <game name="ringdest" format="QSound" fmt_version="1.05a">
        <romgroup type="audiocpu" load_method="append" seq_table="0x9005" instr_table="0x7000" num_instr_banks="2" samp_table="0x8000">
            <rom>smb.01</rom>
            <rom>smb.02</rom>
        </romgroup>
        <romgroup type="qsound"  load_method="append_swap16">
            <rom>smb.11m</rom>
            <rom>smb.12m</rom>
        </romgroup>
    </game>
    <game name="sfa" format="QSound" fmt_version="1.05a">
        <romgroup type="audiocpu" load_method="append" seq_table="0x9005" instr_table="0x7000" num_instr_banks="2" samp_table="0x8000">
            <rom>sfz.01</rom>
            <rom>sfz.02</rom>
        </romgroup>
        <romgroup type="qsound"  load_method="append_swap16">
            <rom>sfz.11m</rom>
            <rom>sfz.12m</rom>
        </romgroup>
    </game>
    <game name="sfa2" format="QSound" fmt_version="1.05c">
        <romgroup type="audiocpu" load_method="append" seq_table="0x9005" instr_table="0x7000" num_instr_banks="2" samp_table="0x8000">
            <rom>sz2.01a</rom>
            <rom>sz2.02a</rom>
        </romgroup>
        <romgroup type="qsound"  load_method="append_swap16">
            <rom>sz2.11m</rom>
            <rom>sz2.12m</rom>
        </romgroup>
    </game>
    <game name="sfz2al" format="QSound" fmt_version="1.05c">
        <romgroup type="audiocpu" load_method="append" seq_table="0x9005" instr_table="0x7000" num_instr_banks="2" samp_table="0x8000">
            <rom>sza.01</rom>
            <rom>sza.02</rom>
        </romgroup>
        <romgroup type="qsound"  load_method="append_swap16">
            <rom>sza.11m</rom>
            <rom>sza.12m</rom>
        </romgroup>
    </game>
    <game name="sfa3" format="QSound" fmt_version="1.71">
        <romgroup type="audiocpu" load_method="append" seq_table="0x8C05" instr_table_ptrs="0x3C05" num_instr_banks="16" samp_table="0x6000" samp_table_length="0x1A30" artic_table="0x8000">
            <rom>sz3.01</rom>
            <rom>sz3.02</rom>
        </romgroup>
        <romgroup type="qsound"  load_method="append_swap16">
            <rom>sz3.11m</rom>
            <rom>sz3.12m</rom>
        </romgroup>
    </game>
    <game name="sgemf" format="QSound" fmt_version="1.30">
        <romgroup type="audiocpu" load_method="append" seq_table="0x9005" instr_table_ptrs="0x3B04" num_instr_banks="16" samp_table="0x5000" artic_table="0x8000">
            <rom>pcf.01</rom>
            <rom>pcf.02</rom>
        </romgroup>
        <romgroup type="qsound"  load_method="append_swap16">
            <rom>pcf.11</rom>
            <rom>pcf.12</rom>
        </romgroup>
    </game>
    <game name="slammast" format="QSound" fmt_version="1.01">
        <romgroup type="audiocpu" load_method="append" encryption="kabuki" kabuki_swap_key1="0x54321076" kabuki_swap_key2="0x65432107" kabuki_addr_key="0x3131" kabuki_xor_key="0x19" seq_table="0x8005" instr_table="0x72DA" num_instr_banks="1" samp_table="0x6AF2" samp_table_length="0x7E8">
            <rom>mb_qa.5k</rom>
        </romgroup>
        <romgroup type="qsound"  load_method="append">
            <rom>mb-q1.1k</rom>
            <rom>mb-q2.2k</rom>
            <rom>mb-q3.3k</rom>
            <rom>mb-q4.4k</rom>
            <rom>mb-q5.1m</rom>
            <rom>mb-q6.2m</rom>
            <rom>mb-q7.3m</rom>
            <rom>mb-q8.4m</rom>
        </romgroup>
    </game>
    <game name="spf2t" format="QSound" fmt_version="2.01b">
        <romgroup type="audiocpu" load_method="append" seq_table="0x6004" instr_table="0x3FE4" num_instr_banks="14" samp_table="0x4F78">
            <rom>pzf.01</rom>
            <rom>pzf.02</rom>
        </romgroup>
        <romgroup type="qsound"  load_method="append_swap16">
            <rom>pzf.11</rom>
            <rom>pzf.12</rom>
        </romgroup>
    </game>
    <game name="ssf2" format="QSound" fmt_version="1.03">
        <romgroup type="audiocpu" load_method="append" seq_table="0x7C15" instr_table="0x6C00" num_instr_banks="1" samp_table="0x7410">
            <rom>ssf.01</rom>
        </romgroup>
        <romgroup type="qsound"  load_method="append">
            <rom>ssf.q01</rom>
            <rom>ssf.q02</rom>
            <rom>ssf.q03</rom>
            <rom>ssf.q04</rom>
            <rom>ssf.q05</rom>
            <rom>ssf.q06</rom>
            <rom>ssf.q07</rom>
            <rom>ssf.q08</rom>
        </romgroup>
    </game>
    <game name="ssf2t" format="QSound" fmt_version="1.04">
        <romgroup type="audiocpu" load_method="append" seq_table="0x9005" instr_table="0x7000" num_instr_banks="2" samp_table="0x8000">
            <rom>sfx.01</rom>
            <rom>sfx.02</rom>
        </romgroup>
        <romgroup type="qsound"  load_method="append_swap16">
            <rom>sfx.11m</rom>
            <rom>sfx.12m</rom>
        </romgroup>
    </game>
    
    <game name="ts2" format="QSound">
        <romgroup type="audiocpu" load_method="append" seq_table="0x4809">
            <rom>ts2-02</rom>
        </romgroup>
        <romgroup type="qsound"  load_method="append_swap16">
            <rom>ts2-01</rom>
        </romgroup>
    </game>
    <game name="vhunt2" format="QSound" fmt_version="1.30">
        <romgroup type="audiocpu" load_method="append" seq_table="0x9005" instr_table_ptrs="0x3B04" num_instr_banks="8" samp_table="0x46E0" artic_table="0x59A8">
            <rom>vh2.01</rom>
            <rom>vh2.02</rom>
        </romgroup>
        <romgroup type="qsound"  load_method="append_swap16">
            <rom>vh2.11m</rom>
            <rom>vh2.12m</rom>
        </romgroup>
    </game>
    <game name="vsav" format="QSound" fmt_version="1.30">
        <romgroup type="audiocpu" load_method="append" seq_table="0x9005" instr_table_ptrs="0x3B04" num_instr_banks="7" samp_table="0x45FA" samp_table_length="0x1420" artic_table="0x5A1A">
            <rom>vm3.01</rom>
            <rom>vm3.02</rom>
        </romgroup>
        <romgroup type="qsound"  load_method="append_swap16">
            <rom>vm3.11m</rom>
            <rom>vm3.12m</rom>
        </romgroup>
    </game>
    <game name="vsav2" format="QSound" fmt_version="1.30">
        <romgroup type="audiocpu" load_method="append" seq_table="0x9005" instr_table_ptrs="0x3B04" num_instr_banks="8" samp_table="0x4798" samp_table_length="0x1440" artic_table="0x5BD8">
            <rom>vs2.01</rom>
            <rom>vs2.02</rom>
        </romgroup>
        <romgroup type="qsound"  load_method="append_swap16">
            <rom>vs2.11m</rom>
            <rom>vs2.12m</rom>
        </romgroup>
    </game>
    <game name="wof" format="QSound" fmt_version="1.00">
        <romgroup type="audiocpu" load_method="append" encryption="kabuki" kabuki_swap_key1="0x01234567" kabuki_swap_key2="0x54163072" kabuki_addr_key="0x5151" kabuki_xor_key="0x51" seq_table="0x8005" instr_table="0x6DDA" num_instr_banks="1" samp_table="0x6A82" samp_table_length="0x358">
            <rom>tk2_qa.rom</rom>
        </romgroup>
        <romgroup type="qsound"  load_method="append">
            <rom>tk2_q1.rom</rom>
            <rom>tk2_q2.rom</rom>
            <rom>tk2_q3.rom</rom>
            <rom>tk2_q4.rom</rom>
        </romgroup>
    </game>
    <game name="xmcota" format="QSound" fmt_version="1.05">
        <romgroup type="audiocpu" load_method="append" seq_table="0x9005" seq_table_length="0xC50" instr_table="0x7000" num_instr_banks="2" samp_table="0x8000" samp_table_length="0x978">
            <rom>xmn.01a</rom>
            <rom>xmn.02a</rom>
        </romgroup>
        <romgroup type="qsound"  load_method="append_swap16">
            <rom>xmn.11m</rom>
            <rom>xmn.12m</rom>
        </romgroup>
    </game>
    <game name="xmvsf" format="QSound" fmt_version="1.16">
        <romgroup type="audiocpu" load_method="append" seq_table="0x9005" instr_table_ptrs="0x4004" num_instr_banks="21" samp_table="0x54F6" samp_table_length="0xE20">
            <rom>xvs.01</rom>
            <rom>xvs.02</rom>
        </romgroup>
        <romgroup type="qsound"  load_method="append_swap16">
            <rom>xvs.11m</rom>
            <rom>xvs.12m</rom>
        </romgroup>
    </game>
</romlist>